Protein.Group,Genes,Peptides,Min*(PG.Q.Value),GR_vs_IgG_log2 fold change,GR_vs_IgG_p.val,GR_vs_IgG_p.adj,significant,GR_1 Intensity,GR_2 Intensity,GR_3 Intensity,IgG_1 Intensity,IgG_2 Intensity,IgG_3 Intensity
P43034,PAFAH1B1,18,1.64E-03,12.9,3.22E-07,1.30E-04,TRUE,5.85E+05,5.50E+05,6.02E+05,,,
Q8IW35,CEP97,13,1.64E-03,10.1,1.30E-06,2.61E-04,TRUE,8.96E+04,8.53E+04,7.70E+04,,,
Q15306,IRF4,6,1.64E-03,8.9,2.75E-06,2.98E-04,TRUE,3.26E+04,3.60E+04,4.05E+04,,,
Q13561,DCTN2,4,1.64E-03,8.04,4.63E-06,2.98E-04,TRUE,1.97E+04,1.89E+04,2.15E+04,,,
P51692_P42229,STAT5A;STAT5B,7,1.64E-03,8.14,4.96E-06,2.98E-04,TRUE,1.84E+04,2.55E+04,2.09E+04,,,
Q969G3,SMARCE1,4,1.64E-03,7.96,5.11E-06,2.98E-04,TRUE,1.80E+04,1.76E+04,2.13E+04,,,
Q13422,IKZF1,2,1.64E-03,7.61,6.27E-06,2.98E-04,TRUE,1.42E+04,1.46E+04,1.60E+04,,,
Q09028_Q16576,RBBP4;RBBP7,4,1.64E-03,7.81,7.72E-06,2.98E-04,TRUE,1.30E+04,2.17E+04,1.77E+04,,,
Q9NV70,EXOC1,3,1.64E-03,7.3,8.64E-06,2.98E-04,TRUE,1.11E+04,1.41E+04,1.10E+04,,,
P02768_ALBU_HUMAN,ALB,3,1.64E-03,7.33,9.16E-06,2.98E-04,TRUE,1.44E+04,1.00E+04,1.26E+04,,,
P63165_G2XKQ0_SUMO1_HUMAN,SUMO1;SUMO1P1,2,1.64E-03,7.1,9.42E-06,2.98E-04,TRUE,9.52E+03,1.06E+04,1.13E+04,,,
O43303,CCP110,4,1.64E-03,7.38,1.07E-05,2.98E-04,TRUE,1.13E+04,1.72E+04,1.05E+04,,,
P39019,RPS19,3,1.64E-03,7.88,1.12E-05,2.98E-04,TRUE,1.35E+04,2.80E+04,1.52E+04,,,
O00139,KIF2A,4,1.64E-03,6.96,1.14E-05,2.98E-04,TRUE,8.25E+03,1.09E+04,9.33E+03,,,
Q92925,SMARCD2,4,1.64E-03,7.48,1.22E-05,2.98E-04,TRUE,9.32E+03,1.75E+04,1.53E+04,,,
Q13951,CBFB,4,1.64E-03,7.19,1.26E-05,2.98E-04,TRUE,8.16E+03,1.26E+04,1.34E+04,,,
P31689,DNAJA1,2,1.64E-03,6.67,1.41E-05,2.98E-04,TRUE,6.70E+03,8.60E+03,8.05E+03,,,
P55036,PSMD4,3,1.64E-03,6.79,1.45E-05,2.98E-04,TRUE,7.04E+03,1.04E+04,8.16E+03,,,
O00299,CLIC1,2,1.64E-03,6.66,1.48E-05,2.98E-04,TRUE,7.14E+03,9.21E+03,6.92E+03,,,
P26599,PTBP1,4,1.64E-03,7.48,1.48E-05,2.98E-04,TRUE,9.04E+03,1.42E+04,1.96E+04,,,
O00567,NOP56,3,1.64E-03,6.74,1.64E-05,3.14E-04,TRUE,6.22E+03,8.96E+03,9.63E+03,,,
P43403,ZAP70,4,1.64E-03,6.55,1.78E-05,3.14E-04,TRUE,6.88E+03,5.96E+03,8.91E+03,,,
Q92841,DDX17,6,1.64E-03,7.36,1.80E-05,3.14E-04,TRUE,8.38E+03,1.93E+04,1.21E+04,,,
Q14204,DYNC1H1,6,1.64E-03,7.55,1.90E-05,3.14E-04,TRUE,1.64E+04,2.09E+04,8.42E+03,,,
P42331,ARHGAP25,3,1.64E-03,6.4,1.95E-05,3.14E-04,TRUE,5.72E+03,5.81E+03,7.93E+03,,,
P46778,RPL21,2,1.64E-03,7.29,2.11E-05,3.27E-04,TRUE,7.09E+03,1.60E+04,1.47E+04,,,
P46063,RECQL,2,1.64E-03,6.27,2.23E-05,3.32E-04,TRUE,5.23E+03,7.33E+03,5.25E+03,,,
Q9Y265,RUVBL1,5,1.64E-03,7.14,2.49E-05,3.40E-04,TRUE,6.45E+03,1.59E+04,1.20E+04,,,
P19525,EIF2AK2,2,2.16E-03,5.95,2.57E-05,3.40E-04,TRUE,4.15E+03,4.94E+03,5.07E+03,,,
P51149,RAB7A,2,1.64E-03,6.27,2.58E-05,3.40E-04,TRUE,5.51E+03,7.79E+03,4.72E+03,,,
P39748,FEN1,3,1.64E-03,7.3,2.68E-05,3.40E-04,TRUE,6.97E+03,1.93E+04,1.28E+04,,,
P33991,MCM4,3,1.64E-03,6.48,2.71E-05,3.40E-04,TRUE,4.71E+03,9.08E+03,7.31E+03,,,
Q8TAQ2_Q92922,SMARCC1;SMARCC2,3,1.64E-03,6.11,2.84E-05,3.40E-04,TRUE,5.23E+03,4.14E+03,6.65E+03,,,
P61247,RPS3A,5,1.64E-03,7.76,2.90E-05,3.40E-04,TRUE,9.21E+03,3.15E+04,1.54E+04,,,
P43243,MATR3,6,1.64E-03,7.65,2.96E-05,3.40E-04,TRUE,7.98E+03,2.63E+04,1.69E+04,,,
P09211_GSTP1_HUMAN,GSTP1,2,1.64E-03,5.77,3.17E-05,3.52E-04,TRUE,3.62E+03,4.13E+03,4.76E+03,,,
O75448,MED24,3,1.64E-03,5.81,3.28E-05,3.52E-04,TRUE,3.48E+03,4.83E+03,4.62E+03,,,
O15042,U2SURP,2,1.64E-03,6.43,3.40E-05,3.52E-04,TRUE,4.52E+03,9.83E+03,6.40E+03,,,
O75083,WDR1,2,1.64E-03,6.51,3.46E-05,3.52E-04,TRUE,4.89E+03,1.10E+04,6.24E+03,,,
Q01826,SATB1,2,1.64E-03,6.24,3.50E-05,3.52E-04,TRUE,3.87E+03,7.44E+03,6.58E+03,,,
Q9H223,EHD4,3,1.64E-03,5.92,3.91E-05,3.84E-04,TRUE,3.35E+03,5.94E+03,4.92E+03,,,
P32969,RPL9,2,1.64E-03,6.23,4.17E-05,3.92E-04,TRUE,3.63E+03,6.60E+03,7.70E+03,,,
Q92900,UPF1,3,1.64E-03,6.03,4.19E-05,3.92E-04,TRUE,3.50E+03,5.01E+03,6.99E+03,,,
O43390,HNRNPR,2,1.64E-03,5.56,5.21E-05,4.76E-04,TRUE,3.29E+03,4.86E+03,2.88E+03,,,
Q12905,ILF2,5,1.64E-03,6.77,5.81E-05,5.19E-04,TRUE,5.09E+03,1.64E+04,6.92E+03,,,
P62993,GRB2,2,1.64E-03,5.38,6.52E-05,5.70E-04,TRUE,3.71E+03,3.79E+03,2.27E+03,,,
Q9H0S4,DDX47,3,1.64E-03,5.22,6.81E-05,5.82E-04,TRUE,3.63E+03,2.25E+03,2.76E+03,,,
P27635,RPL10,2,1.64E-03,6.24,7.21E-05,5.98E-04,TRUE,3.32E+03,9.92E+03,5.78E+03,,,
Q13761,RUNX3,2,1.64E-03,5.4,7.42E-05,5.98E-04,TRUE,4.36E+03,2.24E+03,3.35E+03,,,
O00571,DDX3X,2,1.64E-03,5.33,7.48E-05,5.98E-04,TRUE,2.94E+03,4.26E+03,2.27E+03,,,
Q9BWF3_Q9BQ04,RBM4;RBM4B,2,1.64E-03,5.61,7.77E-05,5.98E-04,TRUE,2.96E+03,5.95E+03,2.88E+03,,,
Q9Y2W1,THRAP3,2,1.64E-03,5.33,7.77E-05,5.98E-04,TRUE,2.16E+03,4.17E+03,3.19E+03,,,
P59998,ARPC4,2,1.64E-03,6.2,7.88E-05,5.98E-04,TRUE,3.52E+03,1.04E+04,4.72E+03,,,
Q15233,NONO,2,1.64E-03,5.51,8.97E-05,6.68E-04,TRUE,2.64E+03,5.65E+03,2.79E+03,,,
Q08945,SSRP1,5,1.64E-03,6.33,9.43E-05,6.89E-04,TRUE,2.95E+03,9.39E+03,8.22E+03,,,
P12004,PCNA,3,1.64E-03,6.01,1.06E-04,7.51E-04,TRUE,2.89E+03,9.30E+03,4.35E+03,,,
Q96RQ9,IL4I1,2,1.64E-03,5.01,1.06E-04,7.51E-04,TRUE,3.06E+03,1.69E+03,2.81E+03,,,
P05161,ISG15,2,1.64E-03,5.97,1.11E-04,7.68E-04,TRUE,2.99E+03,9.34E+03,3.89E+03,,,
P50991,CCT4,5,1.64E-03,7.07,1.15E-04,7.76E-04,TRUE,4.81E+03,2.51E+04,8.80E+03,,,
P10768,ESD,2,1.64E-03,5.48,1.17E-04,7.76E-04,TRUE,3.55E+03,5.39E+03,2.03E+03,,,
P01024,C3,2,1.64E-03,5.43,1.18E-04,7.76E-04,TRUE,1.89E+03,4.55E+03,4.09E+03,,,
O76021,RSL1D1,3,1.64E-03,5.22,1.22E-04,7.84E-04,TRUE,1.93E+03,4.52E+03,2.64E+03,,,
P24534,EEF1B2,3,1.64E-03,7.08,1.23E-04,7.84E-04,TRUE,4.47E+03,2.47E+04,9.83E+03,,,
Q86UX7,FERMT3,3,1.64E-03,5.94,1.26E-04,7.89E-04,TRUE,2.31E+03,7.48E+03,5.89E+03,,,
Q14498,RBM39,2,1.64E-03,5.21,1.35E-04,8.24E-04,TRUE,4.42E+03,2.85E+03,1.78E+03,,,
Q9H361_P11940,PABPC1;PABPC3,2,1.64E-03,6.23,1.35E-04,8.24E-04,TRUE,2.69E+03,1.09E+04,6.28E+03,,,
Q9Y6Q9,NCOA3,3,1.64E-03,5.13,1.38E-04,8.24E-04,TRUE,1.61E+03,3.49E+03,3.38E+03,,,
P25705,ATP5F1A,6,1.64E-03,7.06,1.39E-04,8.24E-04,TRUE,4.73E+03,2.68E+04,8.29E+03,,,
P15531_P22392,NME1;NME2,3,1.64E-03,6.99,1.46E-04,8.48E-04,TRUE,4.01E+03,2.34E+04,9.69E+03,,,
P28838,LAP3,2,1.64E-03,4.72,1.51E-04,8.69E-04,TRUE,1.39E+03,2.68E+03,2.16E+03,,,
Q9Y266,NUDC,2,1.64E-03,5.1,1.71E-04,9.65E-04,TRUE,1.57E+03,4.16E+03,2.69E+03,,,
P34897,SHMT2,2,1.64E-03,5.47,1.89E-04,1.05E-03,TRUE,1.80E+03,6.13E+03,3.47E+03,,,
P33992,MCM5,3,1.64E-03,6.18,1.98E-04,1.09E-03,TRUE,7.51E+03,1.28E+04,5.60E+03,2.43E+02,,
Q9UKM9,RALY,2,1.64E-03,5.74,2.02E-04,1.10E-03,TRUE,4.15E+03,8.03E+03,2.00E+03,,,
P02786,TFRC,6,1.64E-03,6.61,2.07E-04,1.11E-03,TRUE,2.69E+03,1.47E+04,1.04E+04,,,
O60506,SYNCRIP,3,1.64E-03,7.89,2.09E-04,1.11E-03,TRUE,3.22E+04,3.67E+04,3.68E+04,5.65E+02,,
Q16666_Q6K0P9,IFI16;PYHIN1,2,1.64E-03,5.81,2.21E-04,1.15E-03,TRUE,2.07E+03,8.99E+03,4.16E+03,,,
P35249,RFC4,3,1.64E-03,5.06,2.46E-04,1.27E-03,TRUE,1.39E+03,2.67E+03,4.36E+03,,,
P06703,S100A6,2,1.64E-03,6.16,2.50E-04,1.27E-03,TRUE,4.21E+03,1.40E+04,2.73E+03,,,
Q13451,FKBP5,2,1.64E-03,4.32,2.87E-04,1.44E-03,TRUE,1.01E+03,2.16E+03,1.59E+03,,,
Q13148,TARDBP,3,1.64E-03,5.43,3.18E-04,1.57E-03,TRUE,4.95E+03,5.65E+03,4.41E+03,2.67E+02,,
Q8NC51,SERBP1,2,1.64E-03,5.34,3.20E-04,1.57E-03,TRUE,1.73E+03,6.86E+03,2.45E+03,,,
P53396,ACLY,2,1.64E-03,5.29,3.28E-04,1.58E-03,TRUE,1.80E+03,6.68E+03,2.18E+03,,,
Q92499,DDX1,2,1.64E-03,4.43,3.31E-04,1.58E-03,TRUE,1.27E+03,2.80E+03,1.23E+03,,,
Q14690,PDCD11,2,1.64E-03,4.2,3.54E-04,1.67E-03,TRUE,8.89E+02,1.94E+03,1.57E+03,,,
P06576,ATP5F1B,8,1.64E-03,6.97,3.65E-04,1.70E-03,TRUE,2.84E+03,2.68E+04,1.13E+04,,,
P46013,MKI67,15,1.64E-03,7.56,3.68E-04,1.70E-03,TRUE,4.18E+04,6.83E+04,7.20E+04,6.30E+02,6.44E+02,
P46777,RPL5,3,1.64E-03,6.11,3.74E-04,1.71E-03,TRUE,2.03E+03,1.34E+04,5.29E+03,,,
O43143,DHX15,6,1.64E-03,7.08,3.89E-04,1.76E-03,TRUE,2.85E+03,1.32E+04,2.87E+04,,,
P17987,TCP1,9,1.64E-03,7.36,3.94E-04,1.76E-03,TRUE,7.61E+03,4.94E+04,2.14E+04,3.12E+02,,
B0I1T2,MYO1G,7,1.64E-03,6.8,4.04E-04,1.78E-03,TRUE,1.20E+04,2.12E+04,1.57E+04,5.00E+02,,
P08621,SNRNP70,2,1.64E-03,5.66,4.22E-04,1.85E-03,TRUE,4.31E+03,8.55E+03,1.53E+03,,,
P23526,AHCY,5,1.64E-03,6.71,4.33E-04,1.85E-03,TRUE,1.07E+04,1.83E+04,1.68E+04,4.99E+02,,
P04150,NR3C1,21,1.64E-03,10.6,4.34E-04,1.85E-03,TRUE,8.62E+05,1.22E+06,1.30E+06,2.91E+03,1.60E+03,
O15143,ARPC1B,2,1.64E-03,5.6,4.46E-04,1.89E-03,TRUE,1.35E+03,6.22E+03,5.92E+03,,,
Q9BZK7,TBL1XR1,2,1.64E-03,5.2,4.76E-04,2.00E-03,TRUE,4.36E+03,4.43E+03,1.13E+03,,,
P29692,EEF1D,5,1.64E-03,6.68,5.41E-04,2.24E-03,TRUE,2.30E+03,2.45E+04,8.29E+03,,,
Q8NHW5_P05388,RPLP0;RPLP0P6,3,1.64E-03,5.94,5.49E-04,2.25E-03,TRUE,4.13E+03,1.53E+04,5.96E+03,2.80E+02,,
P26038,MSN,4,1.64E-03,6.45,5.77E-04,2.34E-03,TRUE,5.14E+03,2.33E+04,2.45E+03,,,
P53621,COPA,2,1.64E-03,4.2,6.59E-04,2.65E-03,TRUE,9.65E+02,2.73E+03,1.04E+03,,,
P17980,PSMC3,3,1.64E-03,5.23,7.36E-04,2.93E-03,TRUE,1.00E+03,5.25E+03,4.43E+03,,,
P49736,MCM2,5,1.64E-03,6.59,7.98E-04,3.14E-03,TRUE,1.88E+03,8.62E+03,2.42E+04,,,
P05388,RPLP0,2,1.64E-03,6.51,8.07E-04,3.15E-03,TRUE,1.68E+03,1.93E+04,1.02E+04,,,
P49411,TUFM,3,1.64E-03,5.59,8.64E-04,3.34E-03,TRUE,4.57E+03,9.12E+03,6.54E+03,4.24E+02,,
Q13263,TRIM28,6,1.64E-03,6.61,8.92E-04,3.42E-03,TRUE,8.64E+03,2.15E+04,1.87E+04,6.43E+02,,
P78527,PRKDC,8,1.64E-03,6.73,9.28E-04,3.52E-03,TRUE,7.33E+03,2.99E+04,1.83E+04,5.77E+02,,
P26196,DDX6,2,1.64E-03,3.72,9.43E-04,3.54E-03,TRUE,6.72E+02,1.78E+03,8.48E+02,,,
Q12906,ILF3,2,1.64E-03,4.87,9.71E-04,3.61E-03,TRUE,1.32E+03,6.18E+03,1.35E+03,,,
Q63HN8,RNF213,3,1.64E-03,4.54,1.01E-03,3.71E-03,TRUE,1.33E+03,4.34E+03,9.52E+02,,,
Q01813,PFKP,2,1.64E-03,4.37,1.16E-03,4.26E-03,TRUE,6.43E+02,2.80E+03,2.17E+03,,,
P30085,CMPK1,2,1.64E-03,4.7,1.21E-03,4.38E-03,TRUE,7.66E+02,4.56E+03,2.20E+03,,,
Q13310_P11940,PABPC1;PABPC4,2,1.64E-03,5.15,1.24E-03,4.43E-03,TRUE,1.76E+03,8.78E+03,1.27E+03,,,
P42224,STAT1,17,1.64E-03,8.16,1.26E-03,4.44E-03,TRUE,3.90E+04,9.56E+04,6.24E+04,1.70E+03,,
Q99460,PSMD1,2,1.64E-03,4.24,1.26E-03,4.44E-03,TRUE,8.66E+02,3.45E+03,9.84E+02,,,
Q01469,FABP5,2,1.64E-03,5.62,1.32E-03,4.61E-03,TRUE,9.51E+02,8.20E+03,6.70E+03,,,
O75643,SNRNP200,2,1.64E-03,4.5,1.35E-03,4.69E-03,TRUE,6.94E+02,3.92E+03,1.87E+03,,,
P82979,SARNP,2,1.64E-03,5.27,1.43E-03,4.90E-03,TRUE,1.20E+03,1.02E+04,2.06E+03,,,
P04843,RPN1,2,1.64E-03,4.51,1.49E-03,5.07E-03,TRUE,6.18E+02,3.18E+03,2.67E+03,,,
P13796,LCP1,7,1.64E-03,6.46,1.65E-03,5.58E-03,TRUE,5.58E+03,2.92E+04,1.60E+04,6.58E+02,,
P11586,MTHFD1,11,1.64E-03,7.04,1.69E-03,5.65E-03,TRUE,1.46E+04,4.16E+04,2.56E+04,1.19E+03,,
Q92945,KHSRP,6,1.64E-03,6.22,1.78E-03,5.90E-03,TRUE,6.13E+03,2.38E+04,1.17E+04,,7.13E+02,
P23246,SFPQ,5,1.64E-03,6.5,1.80E-03,5.90E-03,TRUE,1.40E+04,2.37E+04,1.34E+04,1.04E+03,,
P78371,CCT2,5,1.64E-03,8.13,1.80E-03,5.90E-03,TRUE,2.11E+03,6.99E+04,6.49E+04,,,
P26447,S100A4,2,1.64E-03,6.19,1.89E-03,6.12E-03,TRUE,6.75E+03,1.97E+04,1.37E+04,,8.13E+02,
Q08752,PPID,2,1.64E-03,4.35,1.93E-03,6.20E-03,TRUE,1.58E+03,3.67E+03,2.65E+03,,3.14E+02,
P29401,TKT,3,1.64E-03,4.73,2.03E-03,6.48E-03,TRUE,1.04E+03,6.97E+03,2.53E+03,1.70E+02,,
P07900,HSP90AA1,6,1.64E-03,7.11,2.08E-03,6.58E-03,TRUE,1.24E+04,5.30E+04,2.92E+04,1.25E+03,,
P08133,ANXA6,8,1.64E-03,5.87,2.40E-03,7.54E-03,TRUE,3.65E+03,2.13E+04,8.65E+03,5.80E+02,,
P25398,RPS12,2,1.64E-03,5.81,2.82E-03,8.77E-03,TRUE,6.41E+03,1.48E+04,9.99E+03,9.34E+02,,
O00487,PSMD14,2,1.64E-03,4.57,3.00E-03,9.29E-03,TRUE,1.11E+03,5.68E+03,3.51E+03,,2.83E+02,
P09874,PARP1,9,1.64E-03,5.93,3.46E-03,1.06E-02,TRUE,2.18E+04,3.59E+04,3.07E+04,1.55E+03,8.99E+02,
Q00610,CLTC,7,1.64E-03,5.67,3.57E-03,1.09E-02,TRUE,1.73E+03,1.70E+04,1.07E+04,4.16E+02,,
P09382,LGALS1,2,1.64E-03,5.69,3.88E-03,1.17E-02,TRUE,5.77E+03,1.42E+04,1.04E+04,1.07E+03,,
Q92841_P17844,DDX17;DDX5,2,1.64E-03,3.4,3.93E-03,1.18E-02,TRUE,1.37E+04,3.14E+04,2.44E+04,3.44E+03,2.65E+03,9.84E+02
P07195,LDHB,7,1.64E-03,5.62,4.04E-03,1.20E-02,TRUE,6.44E+03,4.43E+04,1.25E+04,4.74E+02,8.32E+02,
P06753,TPM3,4,1.64E-03,5.99,4.15E-03,1.23E-02,TRUE,4.58E+03,2.51E+04,1.29E+04,1.01E+03,,
P63162_P14678,SNRPB;SNRPN,2,1.64E-03,5.63,4.34E-03,1.27E-02,TRUE,7.07E+03,1.33E+04,8.97E+03,1.20E+03,,
P29728,OAS2,4,1.64E-03,5.96,4.47E-03,1.30E-02,TRUE,3.63E+03,2.05E+04,1.76E+04,,9.49E+02,
Q07666,KHDRBS1,2,1.64E-03,5.21,4.59E-03,1.33E-02,TRUE,4.78E+03,9.80E+03,5.93E+03,9.45E+02,,
P11940,PABPC1,2,1.64E-03,4.67,4.62E-03,1.33E-02,TRUE,3.35E+03,7.87E+03,1.80E+03,4.98E+02,,
Q96PK6,RBM14,3,1.64E-03,5.4,4.73E-03,1.35E-02,TRUE,7.55E+03,8.33E+03,8.03E+03,,1.17E+03,
P04075,ALDOA,2,1.64E-03,5.97,4.86E-03,1.38E-02,TRUE,7.02E+03,2.40E+04,1.18E+04,1.39E+03,,
P50990,CCT8,12,1.64E-03,6.07,5.05E-03,1.42E-02,TRUE,1.91E+04,6.33E+04,3.13E+04,2.33E+03,7.07E+02,
P25205,MCM3,6,1.64E-03,5.98,5.13E-03,1.43E-02,TRUE,8.20E+03,2.29E+04,1.20E+04,1.54E+03,,
Q15637,SF1,2,1.64E-03,3.43,5.22E-03,1.45E-02,TRUE,3.40E+02,2.00E+03,8.13E+02,,,
Q99873,PRMT1,2,1.64E-03,4.68,5.28E-03,1.45E-02,TRUE,3.32E+03,5.09E+03,4.55E+03,7.85E+02,,
P40227,CCT6A,4,1.64E-03,5.44,5.55E-03,1.52E-02,TRUE,3.68E+03,2.29E+04,4.14E+03,7.32E+02,,
Q99729,HNRNPAB,3,1.64E-03,5.28,5.96E-03,1.62E-02,TRUE,7.05E+03,9.32E+03,6.51E+03,1.26E+03,,
P11021,HSPA5,3,1.64E-03,4.96,6.04E-03,1.63E-02,TRUE,3.42E+03,9.36E+03,4.91E+03,9.07E+02,,
P26583,HMGB2,3,1.64E-03,5.76,6.38E-03,1.71E-02,TRUE,6.85E+03,2.08E+04,1.00E+04,1.57E+03,,
P42704,LRPPRC,5,1.64E-03,4.76,6.53E-03,1.72E-02,TRUE,2.40E+03,9.65E+03,3.57E+03,7.14E+02,,
Q9Y2L1,DIS3,2,1.64E-03,3.83,6.53E-03,1.72E-02,TRUE,4.37E+02,3.76E+03,7.64E+02,,,
P15311_P26038_P35241,EZR;MSN;RDX,6,1.64E-03,5.32,6.54E-03,1.72E-02,TRUE,1.42E+04,3.30E+04,1.57E+04,1.57E+03,9.58E+02,
P31943,HNRNPH1,3,1.64E-03,4.86,6.80E-03,1.77E-02,TRUE,9.18E+03,1.63E+04,1.29E+04,1.10E+03,9.51E+02,
P08865,RPSA,5,1.64E-03,5.7,6.93E-03,1.79E-02,TRUE,1.71E+04,5.31E+04,2.44E+04,2.27E+03,9.22E+02,
P60866,RPS20,3,1.64E-03,5.93,6.93E-03,1.79E-02,TRUE,3.73E+03,3.01E+04,1.48E+04,,1.26E+03,
P49327,FASN,21,1.64E-03,5.94,7.08E-03,1.81E-02,TRUE,2.13E+04,8.07E+04,3.17E+04,2.22E+03,1.40E+03,
P51991,HNRNPA3,5,1.64E-03,5.42,7.25E-03,1.85E-02,TRUE,1.34E+04,2.91E+04,2.14E+04,5.91E+02,2.35E+03,
Q13151,HNRNPA0,2,1.64E-03,4.41,7.34E-03,1.85E-02,TRUE,1.71E+03,5.06E+03,4.29E+03,6.74E+02,,
P12268,IMPDH2,4,1.64E-03,5.54,7.38E-03,1.85E-02,TRUE,7.03E+03,1.73E+04,7.69E+03,1.59E+03,,
Q14566,MCM6,6,1.64E-03,5.82,7.47E-03,1.87E-02,TRUE,4.61E+02,1.41E+04,1.23E+04,,,
P19474,TRIM21,2,1.64E-03,4.87,7.56E-03,1.88E-02,TRUE,7.03E+03,5.20E+03,4.56E+03,1.15E+03,,
P49368,CCT3,5,1.64E-03,5.26,8.14E-03,2.00E-02,TRUE,9.94E+02,1.64E+04,8.34E+03,,4.18E+02,
Q16666,IFI16,3,1.64E-03,5.87,8.14E-03,2.00E-02,TRUE,9.68E+03,1.54E+04,1.80E+04,,2.31E+03,
P21333,FLNA,11,1.64E-03,5.2,8.20E-03,2.00E-02,TRUE,4.48E+03,3.51E+04,1.65E+04,1.06E+03,6.41E+02,
P23528,CFL1,2,1.64E-03,5.79,8.35E-03,2.02E-02,TRUE,6.88E+04,3.40E+04,5.81E+03,1.18E+03,9.07E+02,
B2RPK0_P09429,HMGB1;HMGB1P1,2,1.64E-03,6.36,8.39E-03,2.02E-02,TRUE,2.10E+04,3.99E+04,1.11E+04,2.91E+03,,
P14866,HNRNPL,3,1.64E-03,5.74,8.46E-03,2.02E-02,TRUE,1.00E+04,1.59E+04,1.24E+04,2.24E+03,,
Q15025,TNIP1,3,1.64E-03,5.08,8.51E-03,2.02E-02,TRUE,7.75E+03,6.97E+03,6.11E+03,1.47E+03,,
P41252,IARS1,2,1.64E-03,3.81,8.76E-03,2.07E-02,TRUE,4.02E+02,4.15E+03,7.24E+02,,,
Q99623,PHB2,2,1.64E-03,3.75,9.43E-03,2.22E-02,TRUE,4.82E+02,4.17E+03,5.34E+02,,,
P07737,PFN1,5,1.64E-03,4.09,9.56E-03,2.23E-02,TRUE,7.17E+04,1.26E+05,8.47E+04,1.46E+04,9.06E+03,1.19E+03
P11142,HSPA8,13,1.64E-03,4.71,9.94E-03,2.31E-02,TRUE,6.07E+04,1.56E+05,9.88E+04,1.47E+04,5.26E+03,6.78E+02
P31948,STIP1,8,1.64E-03,5.26,1.01E-02,2.34E-02,TRUE,1.15E+04,4.24E+04,2.19E+04,1.65E+03,1.51E+03,
Q13242,SRSF9,2,1.64E-03,4.85,1.03E-02,2.36E-02,TRUE,5.77E+03,5.88E+03,5.99E+03,1.47E+03,,
P08670_P17661,DES;VIM,2,1.64E-03,5.76,1.06E-02,2.41E-02,TRUE,1.28E+04,2.34E+04,7.70E+03,2.50E+03,,
P0DP25_P0DP23_P0DP24,CALM1;CALM2;CALM3,2,1.64E-03,4.4,1.07E-02,2.42E-02,TRUE,7.78E+03,1.15E+04,7.75E+03,1.42E+03,6.86E+02,
Q13838_O00148,DDX39A;DDX39B,6,1.64E-03,4.01,1.11E-02,2.50E-02,TRUE,2.44E+04,5.66E+04,3.32E+04,5.29E+03,4.26E+03,4.82E+02
P62701_P22090_Q8TD47,RPS4X;RPS4Y1;RPS4Y2,3,1.64E-03,5.02,1.15E-02,2.57E-02,TRUE,1.45E+04,2.77E+04,1.58E+04,2.38E+03,1.04E+03,
P26368,U2AF2,2,1.64E-03,4.74,1.16E-02,2.59E-02,TRUE,4.78E+03,6.02E+03,5.76E+03,1.49E+03,,
P17844,DDX5,6,1.64E-03,3.76,1.17E-02,2.59E-02,TRUE,2.07E+04,2.45E+04,2.59E+04,4.21E+03,3.22E+03,3.93E+02
P55072,VCP,6,1.64E-03,5.27,1.17E-02,2.59E-02,TRUE,3.67E+02,1.74E+04,3.92E+03,,,
Q9Y2X3,NOP58,4,1.64E-03,4.6,1.18E-02,2.60E-02,TRUE,6.71E+03,1.60E+04,1.47E+04,1.34E+03,1.09E+03,
Q15365,PCBP1,2,1.64E-03,4.84,1.19E-02,2.60E-02,TRUE,1.43E+04,1.83E+04,1.28E+04,2.40E+03,7.87E+02,
P00558,PGK1,11,1.64E-03,5.87,1.20E-02,2.61E-02,TRUE,2.86E+04,9.71E+04,4.82E+04,3.60E+03,2.44E+03,
P07355_A6NMY6,ANXA2;ANXA2P2,2,1.64E-03,4.64,1.23E-02,2.65E-02,TRUE,2.65E+03,1.00E+04,3.83E+03,1.13E+03,,
O75367,MACROH2A1,3,1.64E-03,5.03,1.25E-02,2.69E-02,TRUE,5.08E+03,9.75E+03,7.71E+03,,1.88E+03,
P22626,HNRNPA2B1,11,1.64E-03,3.92,1.27E-02,2.70E-02,TRUE,9.54E+04,2.03E+05,1.30E+05,2.40E+04,1.59E+04,1.92E+03
P42166_P42167,TMPO,3,1.64E-03,4.86,1.27E-02,2.70E-02,TRUE,4.06E+03,1.06E+04,5.10E+03,,1.55E+03,
P04439,HLA-A,2,2.16E-03,5.05,1.28E-02,2.70E-02,TRUE,5.95E+03,6.62E+03,1.03E+04,,1.95E+03,
P20591,MX1,11,1.64E-03,5.39,1.28E-02,2.70E-02,TRUE,1.32E+04,5.67E+04,3.21E+04,2.34E+03,1.82E+03,
P62277,RPS13,5,1.64E-03,6.1,1.29E-02,2.70E-02,TRUE,1.21E+04,3.87E+04,1.52E+04,3.82E+03,,
P13010,XRCC5,9,1.64E-03,5.66,1.30E-02,2.71E-02,TRUE,3.43E+04,6.15E+04,4.32E+04,3.79E+03,2.47E+03,
P08238_Q58FF7,HSP90AB1;HSP90AB3P,3,1.64E-03,3.61,1.32E-02,2.72E-02,TRUE,3.21E+04,7.95E+04,3.82E+04,1.22E+04,3.90E+03,1.13E+03
Q02543,RPL18A,3,1.64E-03,5.92,1.32E-02,2.72E-02,TRUE,1.61E+04,1.64E+04,1.90E+04,3.95E+03,,
P12956,XRCC6,13,1.64E-03,5.73,1.33E-02,2.73E-02,TRUE,3.30E+04,6.54E+04,5.49E+04,4.30E+03,2.41E+03,
P33993,MCM7,10,1.64E-03,5.11,1.34E-02,2.73E-02,TRUE,1.90E+04,3.57E+04,2.07E+04,2.16E+03,2.06E+03,
Q15717,ELAVL1,3,1.64E-03,4.39,1.36E-02,2.76E-02,TRUE,6.88E+03,1.39E+04,9.08E+03,7.29E+02,1.70E+03,
Q6P2Q9,PRPF8,4,1.64E-03,3.86,1.36E-02,2.75E-02,TRUE,1.04E+03,3.73E+03,2.93E+03,6.46E+02,7.60E+01,
P62829,RPL23,2,1.64E-03,5.23,1.39E-02,2.79E-02,TRUE,1.02E+04,1.57E+04,3.83E+03,,2.00E+03,
P61978,HNRNPK,11,1.64E-03,6.18,1.40E-02,2.81E-02,TRUE,5.08E+04,1.18E+05,7.38E+04,8.29E+03,1.83E+03,
P42766,RPL35,2,1.64E-03,4.85,1.42E-02,2.82E-02,TRUE,4.20E+03,1.02E+04,5.62E+03,,1.75E+03,
P11388,TOP2A,4,1.64E-03,4.95,1.44E-02,2.85E-02,TRUE,2.85E+03,1.10E+04,8.87E+03,1.64E+03,,
Q96E39_P38159,RBMX;RBMXL1,2,1.64E-03,4.99,1.47E-02,2.90E-02,TRUE,5.14E+03,8.83E+03,8.58E+03,2.12E+03,,
P07205_P00558,PGK1;PGK2,4,1.64E-03,5.05,1.52E-02,2.99E-02,TRUE,1.00E+04,4.86E+04,1.84E+04,1.83E+03,1.77E+03,
P60842,EIF4A1,4,1.64E-03,3.57,1.54E-02,3.01E-02,TRUE,6.69E+03,2.30E+04,1.55E+04,3.22E+03,1.39E+03,3.20E+02
P31946_P62258_P27348_P63104_Q04917_P31947_P61981,SFN;YWHAB;YWHAE;YWHAG;YWHAH;YWHAQ;YWHAZ,2,1.64E-03,6.03,1.64E-02,3.19E-02,TRUE,1.38E+03,3.62E+04,3.77E+04,1.18E+03,,
P08238_Q58FF6_Q58FF7_P07900,HSP90AA1;HSP90AB1;HSP90AB3P;HSP90AB4P,2,1.64E-03,5.6,1.76E-02,3.39E-02,TRUE,8.84E+03,2.02E+04,1.47E+04,3.97E+03,,
P62906,RPL10A,4,1.64E-03,6.1,1.80E-02,3.46E-02,TRUE,1.61E+04,3.69E+04,1.89E+04,6.02E+03,,
P09651,HNRNPA1,3,1.64E-03,5.28,1.87E-02,3.58E-02,TRUE,6.70E+03,1.79E+04,8.92E+03,3.18E+03,,
P04234,CD3D,5,1.64E-03,3.37,1.91E-02,3.62E-02,TRUE,9.34E+04,5.77E+04,3.45E+04,6.43E+03,1.73E+04,1.52E+03
P63261_P60709,ACTB;ACTG1,3,1.64E-03,2.79,1.91E-02,3.62E-02,TRUE,1.36E+05,4.12E+05,2.23E+05,5.71E+04,5.37E+04,1.25E+04
P08238_P07900,HSP90AA1;HSP90AB1,2,1.64E-03,5.18,2.11E-02,3.98E-02,TRUE,2.03E+04,5.41E+04,3.18E+04,4.97E+03,1.92E+03,
P26641,EEF1G,6,1.64E-03,4.74,2.18E-02,4.09E-02,TRUE,9.72E+03,3.93E+04,1.69E+04,2.49E+03,1.80E+03,
P62910,RPL32,2,1.64E-03,4.69,2.32E-02,4.34E-02,TRUE,4.23E+03,1.14E+04,4.98E+03,2.42E+03,,
P52597,HNRNPF,3,1.64E-03,4.5,2.37E-02,4.41E-02,TRUE,1.32E+03,7.34E+03,9.54E+03,1.37E+03,,
P05387,RPLP2,4,1.64E-03,4.58,2.40E-02,4.42E-02,TRUE,1.45E+03,3.35E+04,9.80E+03,5.85E+02,7.87E+02,
P35579,MYH9,23,1.64E-03,5.92,2.40E-02,4.42E-02,TRUE,4.17E+04,1.39E+05,6.61E+04,1.38E+04,1.65E+03,
Q15366,PCBP2,2,1.64E-03,4.27,2.53E-02,4.64E-02,TRUE,1.29E+04,1.72E+04,8.94E+03,2.52E+03,1.45E+03,
P62851,RPS25,3,1.64E-03,4.52,2.55E-02,4.65E-02,TRUE,7.87E+03,2.80E+04,1.79E+04,2.91E+03,1.47E+03,
P60660,MYL6,5,1.64E-03,4.59,2.57E-02,4.65E-02,TRUE,8.13E+03,3.49E+04,1.79E+04,2.55E+03,1.89E+03,
Q6S8J3_P63261_P68133_P62736_P68032_P60709_P63267_A5A3E0_P0CG38_P0CG39,ACTA1;ACTA2;ACTB;ACTC1;ACTG1;ACTG2;POTEE;POTEF;POTEI;POTEJ,2,1.64E-03,2.98,2.57E-02,4.65E-02,TRUE,4.74E+04,1.09E+05,4.64E+04,1.15E+04,1.96E+04,2.18E+03
P62249,RPS16,6,1.64E-03,5.13,2.65E-02,4.76E-02,TRUE,2.80E+04,6.48E+04,3.29E+04,4.69E+03,3.90E+03,
Q14739,LBR,3,1.64E-03,4.58,2.65E-02,4.76E-02,TRUE,4.84E+03,1.13E+04,3.50E+03,2.44E+03,,
P07766,CD3E,3,1.64E-03,5.4,2.67E-02,4.77E-02,TRUE,5.28E+04,3.09E+04,2.54E+04,,1.08E+04,6.72E+02
P07900_Q14568,HSP90AA1;HSP90AA2P,2,1.64E-03,4.31,2.69E-02,4.78E-02,TRUE,7.43E+03,2.56E+04,9.89E+03,2.59E+03,1.21E+03,
Q08211,DHX9,7,1.64E-03,4.31,2.72E-02,4.81E-02,TRUE,5.15E+03,2.42E+04,1.40E+04,2.01E+03,1.47E+03,
P18124,RPL7,6,1.64E-03,5.08,2.75E-02,4.85E-02,TRUE,2.08E+04,5.90E+04,4.19E+04,3.77E+03,4.59E+03,
Q14103,HNRNPD,2,1.64E-03,4.47,2.82E-02,4.91E-02,TRUE,1.52E+04,2.39E+04,1.69E+04,2.92E+03,2.52E+03,
O43175,PHGDH,2,1.64E-03,3.83,2.83E-02,4.91E-02,TRUE,1.22E+03,6.15E+03,2.45E+03,,1.10E+03,
P46781,RPS9,7,1.64E-03,5.12,2.83E-02,4.91E-02,TRUE,2.63E+04,7.30E+04,3.22E+04,5.34E+03,3.62E+03,
Q00839,HNRNPU,6,1.64E-03,3.01,2.83E-02,4.91E-02,TRUE,2.85E+04,7.59E+04,5.36E+04,1.18E+04,1.25E+04,1.49E+03
P10809,HSPD1,7,1.64E-03,5.36,2.86E-02,4.91E-02,TRUE,1.51E+03,6.94E+04,4.27E+04,1.05E+03,8.16E+02,
P38919,EIF4A3,3,1.64E-03,3.78,2.86E-02,4.91E-02,TRUE,5.37E+03,1.03E+04,7.23E+03,1.31E+03,1.54E+03,
P54652_P11142,HSPA2;HSPA8,4,1.64E-03,5.01,2.95E-02,5.04E-02,FALSE,2.31E+04,6.06E+04,2.98E+04,5.95E+03,2.78E+03,
P31146,CORO1A,5,1.64E-03,3.39,2.97E-02,5.07E-02,FALSE,3.10E+04,8.19E+04,3.90E+04,9.21E+03,1.13E+04,8.30E+02
P35637_Q92804,FUS;TAF15,2,1.64E-03,4.97,3.05E-02,5.17E-02,FALSE,6.84E+03,1.10E+04,1.10E+04,4.62E+03,,
P04406,GAPDH,8,1.64E-03,3,3.08E-02,5.20E-02,FALSE,6.95E+04,2.02E+05,7.87E+04,3.12E+04,2.11E+04,3.26E+03
P43490,NAMPT,3,1.64E-03,4.12,3.12E-02,5.25E-02,FALSE,8.21E+02,6.86E+03,6.03E+03,1.12E+03,,
Q13247,SRSF6,3,1.64E-03,4.36,3.17E-02,5.30E-02,FALSE,5.89E+03,7.73E+03,2.82E+03,,2.55E+03,
P06733,ENO1,10,1.64E-03,5.57,3.22E-02,5.37E-02,FALSE,4.44E+04,1.59E+05,6.83E+04,8.03E+03,7.32E+03,
P07355,ANXA2,2,1.64E-03,3.96,3.26E-02,5.42E-02,FALSE,1.07E+03,8.05E+03,3.06E+03,1.22E+03,,
Q9BVA1_P07437_Q13509_Q13885_P68371,TUBB;TUBB2A;TUBB2B;TUBB3;TUBB4B,2,1.64E-03,3.19,3.31E-02,5.48E-02,FALSE,2.27E+03,4.94E+03,3.54E+03,1.19E+03,5.85E+02,
P32119,PRDX2,4,1.64E-03,4.56,3.41E-02,5.61E-02,FALSE,5.72E+03,2.83E+04,1.53E+04,4.99E+03,5.02E+02,
O00571_O15523,DDX3X;DDX3Y,3,1.64E-03,3.78,3.52E-02,5.78E-02,FALSE,8.21E+03,6.26E+03,8.24E+03,2.86E+03,7.59E+02,
P63241_Q9GZV4_Q6IS14,EIF5A;EIF5A2;EIF5AL1,2,1.64E-03,4.54,3.54E-02,5.78E-02,FALSE,1.29E+04,3.04E+04,2.20E+04,5.74E+03,1.58E+03,
P08238,HSP90AB1,7,1.64E-03,5.09,3.56E-02,5.79E-02,FALSE,2.14E+04,8.18E+04,4.33E+04,8.46E+03,2.99E+03,
O14950_P19105,MYL12A;MYL12B,2,1.64E-03,3.74,3.59E-02,5.83E-02,FALSE,2.95E+03,1.39E+04,7.74E+03,1.52E+03,1.16E+03,
P26373,RPL13,4,1.64E-03,2.99,3.62E-02,5.83E-02,FALSE,2.44E+04,5.48E+04,3.48E+04,1.10E+04,8.89E+03,9.60E+02
P18621,RPL17,2,1.64E-03,4.05,3.63E-02,5.83E-02,FALSE,8.79E+03,1.31E+04,8.88E+03,7.20E+02,4.10E+03,
Q14240_P60842,EIF4A1;EIF4A2,4,1.64E-03,4.46,3.68E-02,5.90E-02,FALSE,1.28E+04,3.25E+04,1.92E+04,5.06E+03,1.95E+03,
P62280,RPS11,2,1.64E-03,4.59,3.73E-02,5.94E-02,FALSE,4.06E+03,1.12E+04,6.88E+03,3.89E+03,,
Q05639_P68104_Q5VTE0,EEF1A1;EEF1A1P5;EEF1A2,7,1.64E-03,3.02,3.74E-02,5.94E-02,FALSE,1.90E+05,4.23E+05,2.70E+05,8.25E+04,7.11E+04,6.95E+03
P62269,RPS18,5,1.64E-03,4.62,3.76E-02,5.94E-02,FALSE,1.37E+04,4.45E+04,2.54E+04,5.37E+03,2.56E+03,
P62857,RPS28,2,1.64E-03,3.91,3.78E-02,5.95E-02,FALSE,5.05E+03,1.83E+04,9.06E+03,2.35E+03,1.39E+03,
P0DMR1_P07910_O60812_B2RXH8_B7ZW38,HNRNPC;HNRNPCL1;HNRNPCL2;HNRNPCL3;HNRNPCL4,3,1.64E-03,4.73,3.84E-02,6.02E-02,FALSE,2.56E+04,4.61E+04,2.65E+04,6.50E+03,3.41E+03,
P62913,RPL11,3,1.64E-03,4.41,3.86E-02,6.02E-02,FALSE,9.22E+03,3.26E+04,2.23E+04,2.04E+03,4.46E+03,
Q9NR30_Q9BQ39,DDX21;DDX50,2,1.64E-03,4.1,3.87E-02,6.02E-02,FALSE,1.34E+04,2.43E+04,5.21E+03,2.62E+03,1.70E+03,
P61158,ACTR3,2,1.64E-03,3.92,4.02E-02,6.21E-02,FALSE,1.61E+03,9.06E+03,2.33E+03,1.68E+03,,
P62318,SNRPD3,2,1.64E-03,3.82,4.02E-02,6.21E-02,FALSE,4.77E+03,1.55E+04,9.35E+03,2.53E+03,1.27E+03,
P13639,EEF2,14,1.64E-03,5.42,4.11E-02,6.32E-02,FALSE,5.83E+04,1.43E+05,7.32E+04,1.14E+04,8.96E+03,
O60506_O43390,HNRNPR;SYNCRIP,3,1.64E-03,4.3,4.26E-02,6.54E-02,FALSE,1.42E+04,2.99E+04,1.78E+04,3.38E+03,3.86E+03,
Q9Y5B9,SUPT16H,2,1.64E-03,3.91,4.29E-02,6.56E-02,FALSE,9.28E+02,6.52E+03,5.03E+03,1.56E+03,,
P00338,LDHA,7,1.64E-03,5,4.43E-02,6.74E-02,FALSE,3.30E+04,9.13E+04,4.48E+04,8.73E+03,6.18E+03,
P62826,RAN,4,1.64E-03,5.06,4.44E-02,6.74E-02,FALSE,5.04E+04,7.44E+04,5.23E+04,6.57E+03,1.06E+04,
P52272,HNRNPM,11,1.64E-03,5.03,4.48E-02,6.77E-02,FALSE,2.94E+04,6.31E+04,5.23E+04,1.54E+04,2.36E+03,
P62805,H4C1,11,1.64E-03,2.77,4.50E-02,6.78E-02,FALSE,3.91E+05,1.15E+06,7.80E+05,2.58E+05,1.78E+05,2.40E+04
P62241,RPS8,5,1.64E-03,2.19,4.53E-02,6.79E-02,FALSE,5.00E+04,7.28E+04,5.30E+04,2.19E+04,2.31E+04,3.99E+03
P62937_PPIA_HUMAN,PPIA,7,1.64E-03,5.54,4.58E-02,6.84E-02,FALSE,8.29E+04,1.58E+05,1.13E+05,1.81E+04,1.06E+04,
P62701_P22090,RPS4X;RPS4Y1,2,1.64E-03,3.51,4.77E-02,7.11E-02,FALSE,4.20E+03,1.10E+04,7.11E+03,1.39E+03,2.11E+03,
P62847,RPS24,2,1.64E-03,3.36,4.85E-02,7.20E-02,FALSE,2.47E+03,8.68E+03,6.93E+03,1.16E+03,1.56E+03,
P62899,RPL31,3,1.64E-03,4.35,4.92E-02,7.27E-02,FALSE,2.06E+04,3.78E+04,1.77E+04,4.70E+03,4.51E+03,
P38646,HSPA9,4,1.64E-03,3.65,5.05E-02,7.44E-02,FALSE,3.98E+03,1.75E+04,7.51E+03,2.23E+03,1.56E+03,
P08670_P41219,PRPH;VIM,2,1.64E-03,3.43,5.18E-02,7.59E-02,FALSE,5.74E+03,1.26E+04,2.80E+03,1.82E+03,1.17E+03,
P62081,RPS7,6,1.64E-03,4.02,5.39E-02,7.88E-02,FALSE,5.80E+03,2.99E+04,1.47E+04,4.17E+03,1.87E+03,
P63244,RACK1,5,1.64E-03,4.45,5.73E-02,8.35E-02,FALSE,2.27E+04,4.25E+04,3.42E+04,7.32E+03,5.70E+03,
P61353,RPL27,2,1.64E-03,1.97,5.79E-02,8.40E-02,FALSE,2.77E+04,5.02E+04,3.14E+04,1.68E+04,1.39E+04,3.12E+03
Q32P51_P09651,HNRNPA1;HNRNPA1L2,9,1.64E-03,5.2,5.84E-02,8.44E-02,FALSE,6.15E+04,1.32E+05,1.04E+05,1.40E+04,1.60E+04,
P30050,RPL12,3,1.64E-03,4.2,5.86E-02,8.45E-02,FALSE,1.48E+04,3.87E+04,1.88E+04,5.98E+03,3.80E+03,
Q07020,RPL18,2,1.64E-03,2.03,6.02E-02,8.64E-02,FALSE,3.55E+04,5.13E+04,4.80E+04,2.20E+04,1.72E+04,3.36E+03
P20700,LMNB1,9,1.64E-03,4.6,6.16E-02,8.77E-02,FALSE,3.81E+04,6.23E+04,3.20E+04,6.05E+03,1.15E+04,
Q9Y230,RUVBL2,4,1.64E-03,5.01,6.16E-02,8.77E-02,FALSE,,1.26E+04,1.52E+04,,,
Q9NQ39_P46783,RPS10;RPS10P5,2,1.64E-03,5.09,6.18E-02,8.77E-02,FALSE,,1.82E+04,1.25E+04,,,
Q7KZF4,SND1,3,1.64E-03,4.64,6.26E-02,8.87E-02,FALSE,,1.11E+04,8.02E+03,,,
Q15181,PPA1,2,1.64E-03,4.3,6.35E-02,8.95E-02,FALSE,,7.72E+03,5.70E+03,,,
Q7Z2W4,ZC3HAV1,2,1.64E-03,4.18,6.37E-02,8.95E-02,FALSE,,6.28E+03,5.46E+03,,,
Q16629,SRSF7,2,1.64E-03,3.79,6.42E-02,8.95E-02,FALSE,1.48E+04,8.52E+03,1.93E+04,2.56E+03,4.71E+03,
Q92598,HSPH1,3,1.64E-03,4.27,6.43E-02,8.95E-02,FALSE,,8.41E+03,4.93E+03,,,
Q14974,KPNB1,4,1.64E-03,4.1,6.46E-02,8.95E-02,FALSE,,6.69E+03,4.34E+03,,,
P23396,RPS3,9,1.64E-03,4.9,6.47E-02,8.95E-02,FALSE,3.84E+04,1.11E+05,7.01E+04,1.45E+04,1.03E+04,
P55884,EIF3B,3,1.64E-03,3.97,6.51E-02,8.95E-02,FALSE,,5.87E+03,3.80E+03,,,
P31942,HNRNPH3,2,1.64E-03,3.39,6.52E-02,8.95E-02,FALSE,4.71E+03,1.34E+04,6.48E+03,2.74E+03,1.68E+03,
P31939,ATIC,3,1.64E-03,3.8,6.53E-02,8.95E-02,FALSE,3.48E+03,4.45E+03,,,,
O60264_P28370,SMARCA1;SMARCA5,2,1.64E-03,3.69,6.60E-02,9.01E-02,FALSE,,2.96E+03,4.19E+03,,,
Q92973,TNPO1,2,1.64E-03,3.65,6.61E-02,9.01E-02,FALSE,,3.96E+03,2.91E+03,,,
P62701,RPS4X,4,1.64E-03,4.41,6.65E-02,9.04E-02,FALSE,2.23E+04,4.80E+04,3.52E+04,1.17E+04,4.44E+03,
P08670,VIM,19,1.64E-03,3.46,6.73E-02,9.08E-02,FALSE,8.98E+04,2.24E+05,1.27E+05,4.47E+04,3.59E+04,1.19E+03
P62917,RPL8,4,1.64E-03,4.07,6.73E-02,9.08E-02,FALSE,1.11E+04,3.95E+04,1.86E+04,6.01E+03,3.80E+03,
Q16531,DDB1,2,1.64E-03,3.24,6.81E-02,9.15E-02,FALSE,,2.10E+03,2.34E+03,,,
P48643,CCT5,2,1.64E-03,3.74,6.85E-02,9.15E-02,FALSE,,5.65E+03,2.43E+03,,,
Q9Y490,TLN1,2,1.64E-03,3.45,6.85E-02,9.15E-02,FALSE,,3.68E+03,2.06E+03,,,
Q86YV0,RASAL3,3,1.64E-03,3.04,7.01E-02,9.20E-02,FALSE,,1.56E+03,2.06E+03,,,
P62195,PSMC5,2,2.16E-03,2.99,7.02E-02,9.20E-02,FALSE,,1.85E+03,1.56E+03,,,
P22314,UBA1,2,2.16E-03,2.95,7.04E-02,9.20E-02,FALSE,,1.62E+03,1.63E+03,,,
P83731,RPL24,3,1.64E-03,2.63,7.04E-02,9.20E-02,FALSE,1.14E+04,2.53E+04,1.61E+04,8.04E+03,4.97E+03,4.86E+02
P61160,ACTR2,3,1.64E-03,4.05,7.06E-02,9.20E-02,FALSE,,9.80E+03,2.66E+03,,,
P62424,RPL7A,5,1.64E-03,4.39,7.06E-02,9.20E-02,FALSE,2.32E+04,5.91E+04,3.38E+04,9.60E+03,6.90E+03,
P62753,RPS6,2,1.64E-03,3.84,7.08E-02,9.20E-02,FALSE,1.24E+04,2.49E+04,1.41E+04,3.90E+03,5.02E+03,
Q71U36_P68363_Q9BQE3,TUBA1A;TUBA1B;TUBA1C,2,1.64E-03,4.66,7.08E-02,9.20E-02,FALSE,4.27E+04,8.13E+04,4.90E+04,1.24E+04,1.11E+04,
O14980,XPO1,3,1.64E-03,3.52,7.10E-02,9.20E-02,FALSE,,4.78E+03,1.84E+03,,,
Q8N684,CPSF7,2,2.16E-03,2.92,7.18E-02,9.28E-02,FALSE,,1.30E+03,1.94E+03,,,
P15880,RPS2,3,1.64E-03,4.01,7.26E-02,9.35E-02,FALSE,1.49E+04,3.34E+04,1.90E+04,6.89E+03,4.34E+03,
P39023,RPL3,4,1.64E-03,2.01,7.28E-02,9.35E-02,FALSE,4.21E+04,6.53E+04,4.52E+04,2.76E+04,1.92E+04,3.55E+03
Q58FF8_P08238_P07900_Q14568,HSP90AA1;HSP90AA2P;HSP90AB1;HSP90AB2P,2,1.64E-03,4.44,7.32E-02,9.37E-02,FALSE,2.69E+04,6.34E+04,4.01E+04,1.00E+04,8.79E+03,
P43686,PSMC4,2,1.64E-03,3.14,7.38E-02,9.40E-02,FALSE,,3.12E+03,1.28E+03,,,
P62244,RPS15A,4,1.64E-03,4.33,7.39E-02,9.40E-02,FALSE,2.44E+04,4.90E+04,3.60E+04,1.05E+04,6.66E+03,
P52209,PGD,3,1.64E-03,4.08,7.55E-02,9.55E-02,FALSE,,1.26E+04,2.21E+03,,,
P04083,ANXA1,2,1.64E-03,2.84,7.57E-02,9.55E-02,FALSE,1.01E+03,2.10E+03,,,,
P25685,DNAJB1,2,1.64E-03,3.31,7.60E-02,9.55E-02,FALSE,1.30E+03,4.35E+03,,,,
P54886,ALDH18A1,2,1.64E-03,2.86,7.61E-02,9.55E-02,FALSE,,2.22E+03,1.00E+03,,,
P05783,KRT18,3,1.64E-03,4.28,7.64E-02,9.55E-02,FALSE,7.79E+03,1.49E+04,2.47E+03,,6.77E+03,
Q8N257_A0A2R8Y619_P33778_Q96A08_Q5QNW6_P58876_Q99880_P62807_Q99877_P57053_P23527_O60814_Q93079_Q99879_Q16778_P06899,H2BC1;H2BC11;H2BC12;H2BC13;H2BC14;H2BC15;H2BC17;H2BC18;H2BC21;H2BC3;H2BC4;H2BC5;H2BC9;H2BE1;H2BS1;H2BU1,2,1.64E-03,1.78,7.65E-02,9.55E-02,FALSE,4.97E+05,9.19E+05,7.66E+05,4.14E+05,2.83E+05,7.33E+04
P50395,GDI2,2,1.64E-03,3.23,7.84E-02,9.76E-02,FALSE,,4.21E+03,1.14E+03,,,
Q06830_PRDX1_HUMAN,PRDX1,6,1.64E-03,4.63,7.92E-02,9.83E-02,FALSE,3.82E+04,9.34E+04,5.51E+04,1.78E+04,9.68E+03,
P04350_Q9BVA1_A6NNZ2_P07437_Q13509_Q13885_P68371_Q9BUF5_Q3ZCM7_Q9H4B7,TUBB;TUBB1;TUBB2A;TUBB2B;TUBB3;TUBB4A;TUBB4B;TUBB6;TUBB8;TUBB8B,3,1.64E-03,4.52,7.98E-02,9.88E-02,FALSE,3.14E+04,7.75E+04,5.27E+04,1.37E+04,1.03E+04,
Q07955,SRSF1,2,1.64E-03,3.58,8.01E-02,9.88E-02,FALSE,9.01E+03,1.67E+04,1.38E+04,4.22E+03,3.78E+03,
P05198,EIF2S1,2,1.64E-03,3.42,8.08E-02,9.94E-02,FALSE,1.20E+03,5.97E+03,,,,
P04792,HSPB1,3,1.64E-03,3.72,8.13E-02,9.96E-02,FALSE,1.43E+03,9.24E+03,,,,
Q6PEY2_P0DPH7_Q71U36_P0DPH8_P68363_Q9BQE3,TUBA1A;TUBA1B;TUBA1C;TUBA3C;TUBA3D;TUBA3E,2,1.64E-03,4.63,8.20E-02,1.00E-01,FALSE,4.52E+04,9.87E+04,5.24E+04,1.92E+04,1.06E+04,
Q9UNX3_P61254,RPL26;RPL26L1,2,1.64E-03,3.61,8.33E-02,1.01E-01,FALSE,1.01E+04,2.14E+04,1.12E+04,5.71E+03,3.04E+03,
P08238_P14625,HSP90AB1;HSP90B1,2,1.64E-03,3.96,8.40E-02,1.02E-01,FALSE,1.10E+04,4.29E+04,2.18E+04,6.97E+03,5.19E+03,
P07437,TUBB,3,1.64E-03,4.58,8.42E-02,1.02E-01,FALSE,4.37E+04,9.77E+04,4.89E+04,1.70E+04,1.19E+04,
P61313,RPL15,4,1.64E-03,4.48,8.43E-02,1.02E-01,FALSE,2.35E+04,7.26E+04,7.04E+04,1.17E+04,1.21E+04,
P61604,HSPE1,2,1.64E-03,3.43,8.52E-02,1.03E-01,FALSE,,6.74E+03,1.07E+03,,,
Q5TEC6_Q16695_P84243_Q6NXT2_Q71DI3_P68431,H3-2;H3-3A;H3-4;H3-5;H3C1;H3C15,2,1.64E-03,2.33,8.58E-02,1.03E-01,FALSE,1.89E+05,5.28E+05,2.57E+05,1.40E+05,1.17E+05,1.23E+04
P07910,HNRNPC,4,1.64E-03,4.38,8.82E-02,1.06E-01,FALSE,3.11E+04,8.28E+04,3.82E+04,1.36E+04,1.06E+04,
Q02878,RPL6,5,1.64E-03,4.36,9.02E-02,1.08E-01,FALSE,3.46E+04,7.21E+04,4.37E+04,1.19E+04,1.38E+04,
Q5QNW6_P58876_Q99880_P62807_Q99877_P57053_O60814_Q93079_Q99879,H2BC12;H2BC13;H2BC14;H2BC15;H2BC18;H2BC4;H2BC5;H2BC9;H2BS1,2,1.64E-03,2.21,9.16E-02,1.09E-01,FALSE,1.12E+05,2.51E+05,1.97E+05,1.00E+05,6.75E+04,8.30E+03
P62979_P0CG48_P0CG47_P62987_RS27A_HUMAN,RPS27A;UBA52;UBB;UBC,3,1.64E-03,4.61,9.26E-02,1.09E-01,FALSE,6.58E+04,9.69E+04,5.97E+04,2.22E+04,1.56E+04,
P53999,SUB1,2,1.64E-03,3.6,9.30E-02,1.09E-01,FALSE,1.26E+04,1.89E+04,1.51E+04,6.54E+03,4.11E+03,
Q00610_P53675,CLTC;CLTCL1,3,1.64E-03,3.1,9.31E-02,1.09E-01,FALSE,,4.96E+03,7.35E+02,,,
Q8WUH6,TMEM263,2,2.16E-03,2.29,9.33E-02,1.09E-01,FALSE,1.13E+03,2.67E+03,2.21E+03,7.95E+02,9.42E+02,
P13645_K1C10_HUMAN,KRT10,16,1.64E-03,1.56,9.35E-02,1.09E-01,FALSE,2.01E+05,4.54E+05,3.20E+05,2.27E+05,1.04E+05,4.83E+04
Q9NY65_Q6PEY2_P0DPH7_Q71U36_P0DPH8_P68366_P68363_Q9BQE3,TUBA1A;TUBA1B;TUBA1C;TUBA3C;TUBA3D;TUBA3E;TUBA4A;TUBA8,2,1.64E-03,4.45,9.35E-02,1.09E-01,FALSE,4.70E+04,9.65E+04,3.91E+04,1.68E+04,1.33E+04,
Q8NE71,ABCF1,2,1.64E-03,2.99,9.37E-02,1.09E-01,FALSE,6.80E+02,4.22E+03,,,,
Q14152,EIF3A,2,1.64E-03,2.53,9.52E-02,1.11E-01,FALSE,9.80E+01,2.68E+03,3.21E+02,,,
P46087,NOP2,4,1.64E-03,3.26,9.59E-02,1.11E-01,FALSE,7.59E+02,1.00E+04,1.16E+04,7.25E+02,1.81E+03,
P05787,KRT8,4,1.64E-03,3.74,9.75E-02,1.12E-01,FALSE,1.62E+04,3.22E+04,1.31E+04,4.26E+03,8.95E+03,
P68104_Q5VTE0,EEF1A1;EEF1A1P5,3,1.64E-03,4.7,9.75E-02,1.12E-01,FALSE,6.46E+04,1.39E+05,8.01E+04,2.53E+04,2.11E+04,
P16401,H1-5,4,1.64E-03,1.83,9.89E-02,1.14E-01,FALSE,6.07E+04,1.58E+05,1.20E+05,6.98E+04,3.89E+04,9.39E+03
P11387,TOP1,3,1.64E-03,3.39,1.02E-01,1.17E-01,FALSE,9.59E+03,1.50E+04,1.35E+04,5.44E+03,4.07E+03,
P14618,PKM,16,1.64E-03,4.89,1.02E-01,1.16E-01,FALSE,6.97E+04,2.31E+05,1.14E+05,3.94E+04,2.35E+04,
P62266,RPS23,2,1.64E-03,3.44,1.08E-01,1.23E-01,FALSE,8.22E+03,1.93E+04,1.53E+04,7.68E+03,3.25E+03,
P22087,FBL,4,1.64E-03,3.6,1.12E-01,1.27E-01,FALSE,1.47E+04,2.22E+04,2.07E+04,1.02E+04,4.86E+03,
P49207,RPL34,2,1.64E-03,3.86,1.12E-01,1.27E-01,FALSE,2.41E+04,4.20E+04,2.55E+04,1.08E+04,1.02E+04,
P10412_P16403_P16402,H1-2;H1-3;H1-4,4,1.64E-03,1.92,1.14E-01,1.28E-01,FALSE,1.05E+05,1.85E+05,1.78E+05,8.49E+04,8.13E+04,9.34E+03
Q9NR30,DDX21,10,1.64E-03,4.06,1.14E-01,1.28E-01,FALSE,2.61E+04,5.41E+04,4.80E+04,1.44E+04,1.34E+04,
Q6S8J3_P63261_P68133_P62736_P68032_P60709_P63267_A5A3E0_P0CG38,ACTA1;ACTA2;ACTB;ACTC1;ACTG1;ACTG2;POTEE;POTEF;POTEI,2,1.64E-03,4.52,1.16E-01,1.30E-01,FALSE,6.37E+04,1.48E+05,6.88E+04,3.06E+04,2.32E+04,
P37802,TAGLN2,2,1.64E-03,3.13,1.17E-01,1.31E-01,FALSE,,6.62E+03,1.38E+03,1.80E+02,,
P19338,NCL,15,1.64E-03,4.71,1.21E-01,1.35E-01,FALSE,9.35E+04,1.82E+05,1.28E+05,3.88E+04,4.08E+04,
P36578,RPL4,7,1.64E-03,4.17,1.22E-01,1.36E-01,FALSE,3.31E+04,7.44E+04,5.57E+04,2.99E+04,1.04E+04,
P06748,NPM1,5,1.64E-03,4.12,1.25E-01,1.39E-01,FALSE,4.13E+04,7.50E+04,4.79E+04,2.11E+04,1.75E+04,
P02545,LMNA,15,1.64E-03,4.43,1.26E-01,1.40E-01,FALSE,8.09E+04,1.25E+05,6.96E+04,2.56E+04,3.59E+04,
P68366,TUBA4A,3,1.64E-03,3.52,1.26E-01,1.39E-01,FALSE,1.62E+04,2.69E+04,1.64E+04,1.18E+04,5.27E+03,
P0C0S5_Q71UI9,H2AZ1;H2AZ2,2,1.64E-03,3.9,1.32E-01,1.46E-01,FALSE,2.11E+04,5.57E+04,4.75E+04,1.91E+04,1.16E+04,
P62263,RPS14,3,1.64E-03,3.52,1.35E-01,1.48E-01,FALSE,1.49E+04,3.35E+04,1.99E+04,1.16E+04,7.35E+03,
P35268,RPL22,2,1.64E-03,3.3,1.40E-01,1.53E-01,FALSE,9.74E+03,2.14E+04,1.80E+04,8.67E+03,5.98E+03,
P63261_P68133_P62736_P68032_P60709_P63267,ACTA1;ACTA2;ACTB;ACTC1;ACTG1;ACTG2,3,1.64E-03,4.14,1.47E-01,1.60E-01,FALSE,2.80E+04,1.28E+05,7.50E+04,3.37E+04,1.92E+04,
P10412_Q02539_P22492_P16403_P16402,H1-1;H1-2;H1-3;H1-4;H1-6,3,1.64E-03,1.53,1.49E-01,1.63E-01,FALSE,4.64E+04,1.07E+05,7.20E+04,5.34E+04,3.70E+04,7.49E+03
Q8N257_P33778_Q6DN03_P23527_Q6DRA6_Q16778_P06899,H2BC11;H2BC17;H2BC19P;H2BC20P;H2BC21;H2BC3;H2BU1,2,1.64E-03,3.99,1.51E-01,1.64E-01,FALSE,3.64E+04,7.86E+04,6.38E+04,3.17E+04,1.91E+04,
Q9H0A0,NAT10,3,1.64E-03,2.9,1.51E-01,1.64E-01,FALSE,3.68E+02,2.39E+03,6.05E+03,2.20E+03,,
P69905_HBA_HUMAN,HBA1,5,1.64E-03,4.36,1.53E-01,1.65E-01,FALSE,1.03E+05,1.18E+05,1.25E+05,5.12E+04,4.49E+04,
Q02413,DSG1,2,1.64E-03,2.58,1.56E-01,1.68E-01,FALSE,2.50E+02,4.93E+03,,,,
P35908_K22E_HUMAN,KRT2,12,1.64E-03,2.25,1.62E-01,1.74E-01,FALSE,1.23E+05,4.57E+05,1.07E+05,1.43E+05,6.99E+04,5.64E+03
P63261_P68133_P62736_P68032_Q562R1_P60709_P63267,ACTA1;ACTA2;ACTB;ACTBL2;ACTC1;ACTG1;ACTG2,4,1.64E-03,3.55,1.71E-01,1.83E-01,FALSE,3.98E+03,8.40E+04,2.95E+04,1.14E+04,7.10E+03,
Q16695_P84243_Q71DI3_P68431,H3-3A;H3-4;H3C1;H3C15,2,1.64E-03,1.93,1.75E-01,1.87E-01,FALSE,5.11E+04,1.47E+05,1.95E+04,3.50E+04,2.41E+04,3.11E+03
P04264_K2C1_HUMAN,KRT1,23,1.64E-03,1.06,1.82E-01,1.95E-01,FALSE,5.68E+05,8.82E+05,8.41E+05,7.77E+05,2.94E+05,2.02E+05
P13647,KRT5,7,1.64E-03,1.76,1.91E-01,2.02E-01,FALSE,1.64E+04,1.55E+05,2.48E+04,2.74E+04,1.49E+04,3.92E+03
P50914,RPL14,2,1.64E-03,3.34,1.91E-01,2.02E-01,FALSE,2.35E+04,3.61E+04,2.79E+04,1.78E+04,1.70E+04,
Q9UQ80,PA2G4,4,1.64E-03,3.58,1.91E-01,2.02E-01,FALSE,,1.94E+04,7.92E+03,1.20E+03,,
O14950_P19105_P24844,MYL12A;MYL12B;MYL9,2,1.64E-03,3.37,2.02E-01,2.13E-01,FALSE,,1.54E+04,6.69E+03,,1.21E+03,
Q9Y3U8,RPL36,2,1.64E-03,2.75,2.10E-01,2.21E-01,FALSE,4.25E+03,1.88E+04,1.28E+04,6.75E+03,6.55E+03,
P62750,RPL23A,7,1.64E-03,1.67,2.19E-01,2.30E-01,FALSE,4.33E+04,8.28E+04,5.66E+04,5.51E+04,3.68E+04,3.13E+03
P46776,RPL27A,4,1.64E-03,3.68,2.26E-01,2.37E-01,FALSE,6.63E+04,9.56E+04,7.88E+04,6.22E+04,5.03E+04,
P15924,DSP,6,1.64E-03,2.86,2.63E-01,2.75E-01,FALSE,,2.13E+04,1.52E+03,1.12E+03,,
O75533,SF3B1,2,1.64E-03,2.37,2.93E-01,3.05E-01,FALSE,,1.04E+04,,,,
P14868,DARS1,3,1.64E-03,2.35,2.93E-01,3.05E-01,FALSE,,1.01E+04,,,,
O60264,SMARCA5,2,1.64E-03,2.23,2.94E-01,3.05E-01,FALSE,,7.93E+03,,,,
P14923,JUP,2,1.64E-03,1.95,2.99E-01,3.09E-01,FALSE,,4.39E+03,,,,
Q9BSJ8,ESYT1,3,1.64E-03,1.86,3.00E-01,3.09E-01,FALSE,,3.65E+03,,,,
P25787,PSMA2,2,1.64E-03,1.77,3.02E-01,3.10E-01,FALSE,,3.04E+03,,,,
Q06265,EXOSC9,2,1.64E-03,1.76,3.02E-01,3.10E-01,FALSE,,2.95E+03,,,,
Q15005,SPCS2,2,1.64E-03,1.64,3.06E-01,3.13E-01,FALSE,,2.28E+03,,,,
P02533,KRT14,2,2.16E-03,2.33,3.09E-01,3.15E-01,FALSE,9.89E+02,2.36E+04,8.58E+03,7.47E+03,,2.77E+03
P38507,,18,1.64E-03,0.73,3.49E-01,3.55E-01,FALSE,1.99E+07,1.97E+07,2.05E+07,2.02E+07,1.74E+07,4.95E+06
Q9NVP1,DDX18,2,1.64E-03,1.8,3.60E-01,3.65E-01,FALSE,,3.08E+03,1.24E+03,,1.18E+03,
P47914,RPL29,2,1.64E-03,1.32,3.82E-01,3.86E-01,FALSE,2.99E+04,3.30E+04,2.50E+04,3.64E+04,3.22E+04,1.35E+03
P62861,FAU,3,1.64E-03,0.61,3.92E-01,3.96E-01,FALSE,9.46E+05,9.82E+05,1.02E+06,1.06E+06,8.16E+05,3.05E+05
P62995,TRA2B,3,1.64E-03,1.36,5.44E-01,5.48E-01,FALSE,,5.49E+03,4.81E+03,1.62E+03,9.67E+02,
Q9NZT1,CALML5,3,1.64E-03,0.63,7.88E-01,7.92E-01,FALSE,,6.39E+03,,1.72E+03,,
P30048,PRDX3,3,1.64E-03,0.49,8.37E-01,8.39E-01,FALSE,,6.75E+03,3.07E+03,4.08E+03,1.83E+03,
P35527_K1C9_HUMAN,KRT9,15,1.64E-03,0.14,8.83E-01,8.83E-01,FALSE,2.03E+05,6.04E+04,2.77E+05,3.07E+05,1.06E+05,7.86E+04