Protein ID,Gene,GR_1 Intensity,GR_2 Intensity,GR_3 Intensity,IgG_1 Intensity,IgG_2 Intensity,IgG_3 Intensity,GR_vs_IgG_log2 fold change,GR_vs_IgG_p.val,GR_vs_IgG_p.adj,significant
P43034,PAFAH1B1,7.28E+05,5.18E+05,8.57E+05,NA,NA,NA,12.1,5.29E-07,8.51E-05,TRUE
Q8IW35,CEP97,7.67E+04,5.96E+04,6.23E+04,NA,NA,NA,8.75,2.63E-06,1.48E-04,TRUE
P61978,HNRNPK,6.40E+04,1.45E+05,1.08E+05,NA,NA,NA,9.35,3.88E-06,1.48E-04,TRUE
P31943,HNRNPH1,3.12E+04,4.12E+04,4.17E+04,NA,NA,NA,7.95,4.77E-06,1.48E-04,TRUE
P52272,HNRNPM,4.05E+04,7.71E+04,4.62E+04,NA,NA,NA,8.42,5.47E-06,1.48E-04,TRUE
P0DP23,CALM1,1.89E+04,2.55E+04,2.11E+04,NA,NA,NA,7.15,8.50E-06,1.48E-04,TRUE
P00558,PGK1,3.50E+04,9.81E+04,6.42E+04,NA,NA,NA,8.63,9.17E-06,1.48E-04,TRUE
P04075,ALDOA,4.10E+04,1.18E+05,5.59E+04,NA,NA,NA,8.73,9.61E-06,1.48E-04,TRUE
P09429,HMGB1,2.56E+04,3.91E+04,2.12E+04,NA,NA,NA,7.5,9.66E-06,1.48E-04,TRUE
P07900,HSP90AA1,3.28E+04,9.52E+04,7.19E+04,NA,NA,NA,8.64,1.04E-05,1.48E-04,TRUE
Q13263,TRIM28,1.72E+04,1.82E+04,2.55E+04,NA,NA,NA,7.03,1.06E-05,1.48E-04,TRUE
P12956,XRCC6,1.92E+04,3.98E+04,2.97E+04,NA,NA,NA,7.53,1.13E-05,1.48E-04,TRUE
P42224,STAT1,1.76E+04,3.78E+04,3.71E+04,NA,NA,NA,7.57,1.41E-05,1.48E-04,TRUE
P04439,HLA-A,1.59E+04,2.14E+04,3.24E+04,NA,NA,NA,7.19,1.42E-05,1.48E-04,TRUE
P62249,RPS16,2.17E+04,5.60E+04,2.97E+04,NA,NA,NA,7.76,1.46E-05,1.48E-04,TRUE
P26583,HMGB2,1.28E+04,1.99E+04,1.47E+04,NA,NA,NA,6.67,1.47E-05,1.48E-04,TRUE
Q969G3,SMARCE1,1.19E+04,1.11E+04,1.46E+04,NA,NA,NA,6.35,1.63E-05,1.55E-04,TRUE
P25205,MCM3,9.42E+03,1.35E+04,1.33E+04,NA,NA,NA,6.29,1.95E-05,1.74E-04,TRUE
Q08211,DHX9,8.25E+03,1.29E+04,1.11E+04,NA,NA,NA,6.11,2.41E-05,2.04E-04,TRUE
Q15365,PCBP1,1.50E+04,3.21E+04,1.35E+04,NA,NA,NA,6.93,2.64E-05,2.12E-04,TRUE
P43243,MATR3,6.36E+03,9.75E+03,8.74E+03,NA,NA,NA,5.74,3.38E-05,2.54E-04,TRUE
P62318,SNRPD3,8.30E+03,1.99E+04,1.53E+04,NA,NA,NA,6.48,3.51E-05,2.54E-04,TRUE
P26599,PTBP1,7.04E+03,1.40E+04,1.31E+04,NA,NA,NA,6.15,3.63E-05,2.54E-04,TRUE
P04908,H2AC4,6.24E+03,1.02E+04,1.11E+04,NA,NA,NA,5.86,3.81E-05,2.55E-04,TRUE
P63244,RACK1,7.67E+03,1.72E+04,1.99E+04,NA,NA,NA,6.5,4.42E-05,2.84E-04,TRUE
P42229,STAT5A,5.45E+03,9.05E+03,6.85E+03,NA,NA,NA,5.51,4.58E-05,2.84E-04,TRUE
P50990,CCT8,8.81E+03,2.86E+04,2.20E+04,NA,NA,NA,6.86,4.96E-05,2.88E-04,TRUE
P60660,MYL6,1.06E+04,3.75E+04,1.67E+04,NA,NA,NA,6.94,5.02E-05,2.88E-04,TRUE
P35579,MYH9,1.80E+04,9.08E+04,3.04E+04,NA,NA,NA,7.91,5.19E-05,2.88E-04,TRUE
P04150,NR3C1,2.10E+06,1.55E+06,2.52E+06,1.53E+02,2.17E+03,NA,12.4,5.36E-05,2.88E-04,TRUE
Q13422,IKZF1,8.21E+03,7.28E+03,1.88E+04,NA,NA,NA,6.09,6.39E-05,3.32E-04,TRUE
P05787,KRT8,1.03E+04,1.38E+04,4.75E+03,NA,NA,NA,5.84,9.19E-05,4.62E-04,TRUE
P62851,RPS25,5.45E+03,1.73E+04,7.51E+03,NA,NA,NA,5.87,1.07E-04,5.24E-04,TRUE
P11940,PABPC1,5.59E+03,2.15E+04,1.79E+04,NA,NA,NA,6.4,1.14E-04,5.28E-04,TRUE
P62081,RPS7,7.72E+03,2.25E+04,6.57E+03,NA,NA,NA,6.1,1.16E-04,5.28E-04,TRUE
P83731,RPL24,1.20E+04,1.08E+04,1.27E+04,4.27E+02,NA,NA,5.78,1.18E-04,5.28E-04,TRUE
P35637,FUS,3.76E+03,8.81E+03,1.02E+04,NA,NA,NA,5.51,1.21E-04,5.28E-04,TRUE
Q99729,HNRNPAB,3.71E+03,1.03E+04,6.51E+03,NA,NA,NA,5.36,1.25E-04,5.30E-04,TRUE
P09874,PARP1,4.12E+03,1.59E+04,1.64E+04,NA,NA,NA,6.07,1.91E-04,7.87E-04,TRUE
Q09028,RBBP4,6.12E+03,4.15E+03,1.57E+04,NA,NA,NA,5.59,1.98E-04,7.94E-04,TRUE
P06753,TPM3,2.70E+03,7.46E+03,4.74E+03,NA,NA,NA,4.9,2.02E-04,7.94E-04,TRUE
P62277,RPS13,4.75E+03,2.13E+04,6.99E+03,NA,NA,NA,5.86,2.20E-04,8.45E-04,TRUE
P26641,EEF1G,3.92E+03,1.98E+04,1.23E+04,NA,NA,NA,6.01,2.37E-04,8.88E-04,TRUE
P62263,RPS14,4.81E+03,3.75E+04,1.54E+04,NA,NA,NA,6.52,3.19E-04,1.17E-03,TRUE
P20591,MX1,7.76E+03,2.06E+04,3.61E+03,NA,NA,NA,5.77,3.44E-04,1.23E-03,TRUE
P25398,RPS12,3.19E+03,1.67E+04,4.98E+03,NA,NA,NA,5.39,4.63E-04,1.62E-03,TRUE
Q15306,IRF4,2.57E+04,1.34E+04,2.41E+04,9.37E+02,NA,NA,6.18,5.58E-04,1.91E-03,TRUE
P05388,RPLP0,3.64E+03,2.74E+04,6.35E+03,NA,NA,NA,5.81,6.13E-04,2.06E-03,TRUE
P10809,HSPD1,5.26E+03,1.64E+04,2.63E+03,NA,NA,NA,5.32,6.39E-04,2.10E-03,TRUE
P15531,NME1,2.56E+03,2.68E+04,1.63E+04,NA,NA,NA,6.09,9.25E-04,2.98E-03,TRUE
P52907,CAPZA1,1.53E+03,8.98E+03,6.14E+03,NA,NA,NA,4.84,1.07E-03,3.37E-03,TRUE
P07737,PFN1,9.94E+04,1.40E+05,8.52E+04,3.86E+03,NA,NA,7.88,1.46E-03,4.51E-03,TRUE
Q16629,SRSF7,1.26E+04,1.81E+04,1.75E+04,NA,1.35E+03,NA,5.65,1.52E-03,4.62E-03,TRUE
O60506,SYNCRIP,8.33E+03,2.29E+04,1.58E+04,1.14E+03,NA,NA,5.6,1.55E-03,4.62E-03,TRUE
P06733,ENO1,7.33E+04,2.42E+05,1.21E+05,2.85E+03,2.44E+03,NA,6.98,1.95E-03,5.72E-03,TRUE
P00338,LDHA,2.89E+04,7.67E+04,4.80E+04,2.80E+03,NA,NA,6.88,2.08E-03,5.97E-03,TRUE
P22087,FBL,1.62E+04,1.47E+04,2.59E+04,1.73E+03,NA,NA,5.74,2.23E-03,6.23E-03,TRUE
P60842,EIF4A1,3.47E+04,4.32E+04,4.97E+04,2.98E+03,NA,NA,6.68,2.27E-03,6.23E-03,TRUE
P62906,RPL10A,9.32E+03,3.12E+04,2.32E+04,1.54E+03,NA,NA,5.84,2.28E-03,6.23E-03,TRUE
P61247,RPS3A,1.56E+04,5.64E+04,1.49E+04,1.74E+03,NA,NA,6.1,2.54E-03,6.82E-03,TRUE
P13010,XRCC5,1.32E+04,2.73E+04,2.16E+04,NA,1.99E+03,NA,5.78,2.77E-03,7.30E-03,TRUE
P62244,RPS15A,3.47E+04,5.25E+04,4.67E+04,2.44E+03,1.76E+03,NA,5.66,3.07E-03,7.98E-03,TRUE
P63241,EIF5A,1.80E+04,4.47E+04,3.52E+04,3.17E+03,NA,NA,6.18,4.04E-03,1.03E-02,TRUE
Q14103,HNRNPD,2.84E+04,3.33E+04,4.90E+04,NA,3.76E+03,NA,6.34,4.08E-03,1.03E-02,TRUE
Q06830,PRDX1,5.19E+04,9.75E+04,6.94E+04,2.92E+03,3.65E+03,NA,5.91,4.84E-03,1.20E-02,TRUE
P08865,RPSA,1.33E+04,3.95E+04,2.79E+04,NA,3.14E+03,NA,5.87,5.37E-03,1.31E-02,TRUE
P23396,RPS3,3.62E+04,9.63E+04,5.36E+04,NA,5.97E+03,NA,6.79,5.55E-03,1.33E-02,TRUE
Q8IUE6,H2AC21,1.28E+04,7.92E+03,2.27E+04,NA,2.29E+03,NA,5.13,6.54E-03,1.55E-02,TRUE
P30050,RPL12,1.68E+04,3.45E+04,2.09E+04,NA,3.75E+03,NA,5.69,6.91E-03,1.61E-02,TRUE
P18124,RPL7,1.54E+04,3.04E+04,2.33E+04,3.74E+03,NA,NA,5.65,7.07E-03,1.63E-02,TRUE
P51991,HNRNPA3,9.05E+03,1.40E+04,1.46E+04,2.51E+03,NA,NA,4.98,7.26E-03,1.63E-02,TRUE
P13639,EEF2,6.50E+04,1.29E+05,7.58E+04,4.59E+03,4.38E+03,NA,5.88,7.30E-03,1.63E-02,TRUE
P07910,HNRNPC,4.85E+04,1.27E+05,6.76E+04,4.12E+03,5.29E+03,NA,5.65,9.72E-03,2.14E-02,TRUE
P67936,TPM4,5.27E+03,2.12E+04,1.45E+04,NA,2.52E+03,NA,4.92,1.03E-02,2.25E-02,TRUE
P07766,CD3E,8.88E+04,5.17E+04,5.61E+04,NA,1.26E+04,NA,6.58,1.25E-02,2.64E-02,TRUE
P17844,DDX5,3.60E+04,4.88E+04,5.29E+04,3.68E+03,4.62E+03,NA,5.04,1.25E-02,2.64E-02,TRUE
P60709,ACTB,8.73E+05,1.66E+06,1.16E+06,1.79E+05,2.06E+05,2.02E+04,3.71,1.27E-02,2.66E-02,TRUE
P52597,HNRNPF,4.75E+04,6.14E+04,5.59E+04,5.64E+03,4.06E+03,NA,5.17,1.32E-02,2.69E-02,TRUE
P62266,RPS23,1.90E+04,1.74E+04,1.76E+04,5.01E+03,NA,NA,5.2,1.32E-02,2.69E-02,TRUE
P14866,HNRNPL,8.87E+03,9.51E+03,1.28E+04,1.96E+03,1.40E+03,NA,3.78,1.37E-02,2.75E-02,TRUE
P62701,RPS4X,2.58E+04,5.45E+04,3.53E+04,1.99E+03,5.93E+03,NA,4.91,1.38E-02,2.75E-02,TRUE
Q00839,HNRNPU,5.54E+04,1.33E+05,1.12E+05,6.45E+03,7.90E+03,NA,5.56,1.56E-02,3.05E-02,TRUE
P62847,RPS24,3.53E+03,1.80E+04,1.26E+04,2.52E+03,NA,NA,4.58,1.57E-02,3.05E-02,TRUE
P36578,RPL4,1.64E+04,3.43E+04,3.60E+04,NA,7.66E+03,NA,5.6,1.61E-02,3.08E-02,TRUE
P08238,HSP90AB1,1.53E+05,4.06E+05,2.89E+05,1.97E+04,1.03E+04,NA,6.38,1.68E-02,3.19E-02,TRUE
P62753,RPS6,7.72E+03,2.65E+04,2.38E+04,NA,5.10E+03,NA,5.11,1.76E-02,3.27E-02,TRUE
P62805,H4C1,5.02E+05,1.04E+06,9.84E+05,1.69E+05,2.26E+05,3.88E+04,2.81,1.77E-02,3.27E-02,TRUE
P62826,RAN,5.90E+04,7.19E+04,7.34E+04,4.94E+03,8.49E+03,NA,5.19,1.79E-02,3.27E-02,TRUE
P62917,RPL8,8.32E+03,2.35E+04,2.57E+04,2.17E+03,2.64E+03,NA,4.16,1.82E-02,3.27E-02,TRUE
P23528,CFL1,2.02E+04,4.27E+04,3.67E+04,2.79E+03,5.17E+03,NA,4.6,1.83E-02,3.27E-02,TRUE
P62937,PPIA,1.11E+05,1.63E+05,1.40E+05,1.20E+04,1.02E+04,NA,5.68,2.00E-02,3.54E-02,TRUE
P04406,GAPDH,1.79E+05,2.98E+05,2.26E+05,3.71E+04,4.83E+03,NA,6.25,2.11E-02,3.64E-02,TRUE
P13645,KRT10,4.47E+05,6.88E+05,7.85E+05,2.54E+05,1.77E+05,1.02E+05,1.9,2.11E-02,3.64E-02,TRUE
P31146,CORO1A,1.93E+04,7.37E+04,2.95E+04,4.78E+03,3.60E+03,NA,4.65,2.13E-02,3.64E-02,TRUE
P16401,H1-5,1.09E+05,1.56E+05,1.52E+05,4.02E+04,5.19E+04,1.32E+04,2.18,2.24E-02,3.80E-02,TRUE
P08670,VIM,1.61E+05,3.41E+05,2.32E+05,1.48E+04,1.98E+04,NA,6.04,2.30E-02,3.82E-02,TRUE
P61313,RPL15,2.98E+04,2.13E+04,1.85E+04,9.08E+03,NA,NA,5.25,2.30E-02,3.82E-02,TRUE
P22626,HNRNPA2B1,9.73E+04,2.31E+05,2.03E+05,1.20E+04,1.55E+04,NA,5.77,2.34E-02,3.85E-02,TRUE
P0C0S5,H2AZ1,2.67E+04,5.10E+04,4.92E+04,NA,1.63E+04,NA,5.81,2.55E-02,4.15E-02,TRUE
P39023,RPL3,3.89E+04,5.40E+04,4.55E+04,1.04E+03,1.69E+04,NA,5.04,2.69E-02,4.33E-02,TRUE
P0CG47,UBB,8.80E+04,1.03E+05,8.58E+04,1.47E+04,7.52E+03,NA,5.16,2.82E-02,4.42E-02,TRUE
P11387,TOP1,1.10E+04,1.38E+04,4.19E+04,7.99E+03,NA,NA,5.02,2.82E-02,4.42E-02,TRUE
P09651,HNRNPA1,8.08E+04,1.44E+05,1.36E+05,1.16E+04,1.34E+04,NA,5.34,2.83E-02,4.42E-02,TRUE
P14618,PKM,7.76E+04,2.19E+05,1.20E+05,1.27E+04,1.37E+04,NA,5.41,2.94E-02,4.53E-02,TRUE
P11142,HSPA8,1.27E+05,2.84E+05,2.12E+05,1.61E+04,2.10E+04,NA,5.73,2.97E-02,4.53E-02,TRUE
P04234,CD3D,9.06E+04,4.18E+04,4.76E+04,2.68E+03,1.59E+04,NA,4.92,2.98E-02,4.53E-02,TRUE
P0C0S8,H2AC11,6.39E+05,1.28E+06,9.48E+05,2.69E+05,3.49E+05,6.81E+04,2.31,3.02E-02,4.55E-02,TRUE
Q02878,RPL6,3.81E+04,7.23E+04,4.67E+04,8.89E+03,6.12E+03,NA,4.64,3.15E-02,4.69E-02,TRUE
P19338,NCL,1.16E+05,1.77E+05,1.68E+05,1.12E+04,2.30E+04,NA,5.47,3.18E-02,4.69E-02,TRUE
P46776,RPL27A,8.01E+04,6.79E+04,9.52E+04,3.33E+04,2.98E+04,9.33E+03,1.93,3.25E-02,4.69E-02,TRUE
P62424,RPL7A,2.57E+04,3.80E+04,2.81E+04,4.11E+03,6.72E+03,NA,4.22,3.25E-02,4.69E-02,TRUE
P20700,LMNB1,2.39E+04,2.42E+04,2.22E+04,5.42E+03,3.66E+03,NA,4.02,3.26E-02,4.69E-02,TRUE
P68363,TUBA1B,2.90E+05,5.19E+05,3.51E+05,1.55E+04,5.76E+04,NA,6.19,3.29E-02,4.69E-02,TRUE
P23246,SFPQ,9.17E+03,1.96E+04,9.53E+03,2.81E+03,2.61E+03,NA,3.52,3.44E-02,4.86E-02,TRUE
P02042,HBD,5.94E+04,3.94E+04,7.86E+04,4.27E+03,1.61E+04,NA,4.7,3.73E-02,5.23E-02,FALSE
P02545,LMNA,1.25E+05,1.19E+05,9.93E+04,8.66E+03,2.54E+04,NA,5.14,3.86E-02,5.35E-02,FALSE
P07437,TUBB,2.77E+05,4.87E+05,3.95E+05,2.99E+04,4.66E+04,NA,5.98,3.99E-02,5.47E-02,FALSE
P68431,H3C1,2.86E+05,6.10E+05,4.72E+05,1.65E+05,1.41E+05,2.56E+04,2.37,4.01E-02,5.47E-02,FALSE
P06748,NPM1,1.31E+05,2.05E+05,1.37E+05,2.31E+04,2.44E+04,NA,5.13,5.03E-02,6.80E-02,FALSE
P68032,ACTC1,3.38E+04,3.53E+04,4.48E+04,8.66E+03,8.34E+03,NA,4.08,5.27E-02,7.07E-02,FALSE
P61353,RPL27,2.71E+04,3.93E+04,3.70E+04,7.01E+03,9.07E+03,NA,4,5.43E-02,7.23E-02,FALSE
P26373,RPL13,2.95E+04,5.25E+04,4.46E+04,8.18E+03,1.04E+04,NA,4.12,5.53E-02,7.29E-02,FALSE
P84103,SRSF3,1.06E+04,1.55E+04,1.28E+04,3.46E+03,4.48E+03,NA,3.26,5.92E-02,7.53E-02,FALSE
P15880,RPS2,1.09E+04,3.33E+04,4.93E+03,4.48E+03,2.04E+03,NA,3.44,5.97E-02,7.53E-02,FALSE
Q13561,DCTN2,NA,2.60E+04,1.92E+04,NA,NA,NA,4.79,5.98E-02,7.53E-02,FALSE
Q15366,PCBP2,1.26E+04,1.59E+04,NA,NA,NA,NA,4.36,6.07E-02,7.53E-02,FALSE
P49327,FASN,NA,1.59E+04,1.09E+04,NA,NA,NA,4.29,6.12E-02,7.53E-02,FALSE
P53999,SUB1,9.77E+03,1.52E+04,1.38E+04,4.06E+03,3.92E+03,NA,3.24,6.13E-02,7.53E-02,FALSE
P07195,LDHB,NA,1.92E+04,1.07E+04,NA,NA,NA,4.37,6.16E-02,7.53E-02,FALSE
P38646,HSPA9,NA,1.18E+04,8.76E+03,NA,NA,NA,4.04,6.19E-02,7.53E-02,FALSE
O00148,DDX39A,2.92E+04,2.41E+04,3.48E+04,2.80E+03,1.63E+04,NA,3.93,6.25E-02,7.53E-02,FALSE
P67809,YBX1,NA,1.38E+04,7.44E+03,NA,NA,NA,4.03,6.30E-02,7.53E-02,FALSE
P46783,RPS10,NA,1.52E+04,7.66E+03,NA,NA,NA,4.1,6.31E-02,7.53E-02,FALSE
P62899,RPL31,NA,7.33E+03,6.55E+03,NA,NA,NA,3.67,6.31E-02,7.53E-02,FALSE
P69905,HBA2,2.25E+05,2.05E+05,2.76E+05,7.54E+04,9.78E+04,5.53E+03,2.76,6.32E-02,7.53E-02,FALSE
O14979,HNRNPDL,4.28E+03,NA,5.42E+03,NA,NA,NA,3.32,6.53E-02,7.70E-02,FALSE
P68366,TUBA4A,NA,1.30E+04,5.36E+03,NA,NA,NA,3.85,6.56E-02,7.70E-02,FALSE
P05387,RPLP2,NA,3.50E+04,8.37E+03,NA,NA,NA,4.54,6.62E-02,7.73E-02,FALSE
P55209,NAP1L1,NA,1.41E+04,4.41E+03,NA,NA,NA,3.79,6.83E-02,7.91E-02,FALSE
P39019,RPS19,NA,3.08E+04,6.32E+03,NA,NA,NA,4.34,6.88E-02,7.91E-02,FALSE
P04264,KRT1,1.00E+06,1.11E+06,1.45E+06,8.36E+05,3.92E+05,3.50E+05,1.27,7.68E-02,8.77E-02,FALSE
O60814,H2BC12,5.98E+05,9.66E+05,5.56E+05,4.19E+05,2.87E+05,8.49E+04,1.66,7.81E-02,8.85E-02,FALSE
P06899,H2BC11,3.81E+04,4.72E+04,6.74E+04,2.73E+04,6.97E+03,NA,4.01,8.51E-02,9.58E-02,FALSE
P62241,RPS8,5.11E+04,6.64E+04,7.31E+04,1.41E+04,2.35E+04,NA,4.09,8.66E-02,9.68E-02,FALSE
Q07020,RPL18,5.50E+04,7.33E+04,7.12E+04,1.52E+04,2.61E+04,NA,4.07,9.17E-02,1.02E-01,FALSE
P62750,RPL23A,3.08E+04,4.80E+04,5.15E+04,2.41E+04,2.39E+04,5.86E+03,1.5,9.87E-02,1.09E-01,FALSE
P42766,RPL35,1.35E+04,1.88E+04,1.89E+04,6.90E+03,6.91E+03,NA,3.12,1.01E-01,1.11E-01,FALSE
P68104,EEF1A1,2.93E+05,4.01E+05,4.47E+05,9.76E+04,1.01E+05,NA,5.03,1.07E-01,1.16E-01,FALSE
P02768,ALB,1.73E+04,2.22E+04,3.65E+04,9.34E+03,1.00E+04,NA,3.31,1.08E-01,1.16E-01,FALSE
P13647,KRT5,2.85E+04,1.63E+05,5.11E+04,2.24E+04,1.74E+04,NA,3.99,1.08E-01,1.16E-01,FALSE
P10412,H1-4,1.14E+05,2.77E+05,3.38E+05,1.19E+05,1.11E+05,1.74E+04,1.85,1.09E-01,1.17E-01,FALSE
P35908,KRT2,1.75E+05,5.39E+05,1.88E+05,1.57E+05,8.55E+04,4.65E+03,2.71,1.13E-01,1.20E-01,FALSE
P50914,RPL14,3.12E+04,4.73E+04,2.25E+04,1.12E+04,1.61E+04,NA,3.41,1.20E-01,1.27E-01,FALSE
P02666,CSN2,4.45E+03,4.72E+03,3.99E+03,NA,NA,1.15E+04,2.76,1.77E-01,1.85E-01,FALSE
P02533,KRT14,2.94E+04,4.09E+04,2.98E+04,2.52E+04,1.55E+04,NA,3.08,1.79E-01,1.86E-01,FALSE
P47914,RPL29,5.17E+04,3.89E+04,5.69E+04,4.66E+04,2.35E+04,1.82E+04,0.841,2.11E-01,2.18E-01,FALSE
P62861,FAU,8.70E+05,8.70E+05,1.56E+06,7.79E+05,8.65E+05,2.72E+05,0.895,2.44E-01,2.51E-01,FALSE
P78371,CCT2,NA,1.13E+04,NA,NA,NA,NA,2.07,2.92E-01,2.98E-01,FALSE
P02538,KRT6A,NA,1.66E+04,2.93E+03,2.82E+03,NA,NA,2.27,3.16E-01,3.20E-01,FALSE
P35527,KRT9,4.82E+05,8.79E+04,4.79E+05,2.19E+05,1.36E+05,1.19E+05,0.837,3.69E-01,3.71E-01,FALSE
P32119,PRDX2,NA,1.69E+04,NA,NA,3.07E+03,NA,0.821,7.32E-01,7.32E-01,FALSE